row_id,relation_hop2,hop1,hop2_question_multi,case_sensitive_substring,case_insensitive_substring,case_insensitive_whole_word,case_insensitive_whole_word_len_ge_4
BH2_00096,drug:gene/protein:disease,AR,Name all diseases that are related to a gene/protein that is associated with drug (2S)-2-hydroxy-2-methyl-N-[4-nitro-3-(trifluoromethyl)phenyl]-3-(pentafluorophenoxy)propanamide.,0,1,0,0
BH2_00108,drug:gene/protein:disease,AR,Name all diseases that are related to a gene/protein that is associated with drug (2S)-N-(4-cyano-3-iodophenyl)-3-(4-cyanophenoxy)-2-hydroxy-2-methylpropanamide.,0,1,0,0
BH2_00134,drug:gene/protein:disease,AR,"Name all diseases that are related to a gene/protein that is associated with drug (3AALPHA,4ALPHA,7ALPHA,7AALPHA)- 3A,4,7,7A-TETRAHYDRO-2-(4-NITRO-1-NAPHTHALENYL)-4,7-ETHANO-1H-ISOINDOLE-1,3(2H)-DIONE.",0,1,0,0
BH2_00221,drug:gene/protein:disease,AR,"Name all diseases that are related to a gene/protein that is associated with drug (5S,8R,9S,10S,13R,14S,17S)-13-{2-[(3,5-DIFLUOROBENZYL)OXY]ETHYL}-17-HYDROXY-10-METHYLHEXADECAHYDRO-3H-CYCLOPENTA[A]PHENANTHREN-3-ONE.",0,1,0,0
BH2_00246,drug:gene/protein:disease,AR,Name all diseases that are related to a gene/protein that is associated with drug (R)-3-BROMO-2-HYDROXY-2-METHYL-N-[4-NITRO-3-(TRIFLUOROMETHYL)PHENYL]PROPANAMIDE.,0,1,0,0
BH2_00248,drug:gene/protein:disease,AR,Name all diseases that are related to a gene/protein that is associated with drug (R)-Bicalutamide.,0,1,0,0
BH2_00365,drug:gene/protein:disease,AR,"Name all diseases that are related to a gene/protein that is associated with drug 1-TERT-BUTYL-3-(2,5-DIMETHYLBENZYL)-1H-PYRAZOLO[3,4-D]PYRIMIDIN-4-AMINE.",0,1,0,0
BH2_00366,drug:gene/protein:disease,AR,Name all diseases that are related to a gene/protein that is associated with drug 1-Testosterone.,0,1,0,0
BH2_00600,drug:gene/protein:disease,AR,"Name all diseases that are related to a gene/protein that is associated with drug 2-chloro-4-{[(1R,3Z,7S,7aS)-7-hydroxy-1-(trifluoromethyl)tetrahydro-1H-pyrrolo[1,2-c][1,3]oxazol-3-ylidene]amino}-3-methylbenzonitrile.",0,1,0,0
BH2_00726,drug:gene/protein:disease,TH,Name all diseases that are related to a gene/protein that is associated with drug 3-Tyrosine.,0,1,0,0
BH2_00731,drug:gene/protein:disease,AR,"Name all diseases that are related to a gene/protein that is associated with drug 3-[(4-AMINO-1-TERT-BUTYL-1H-PYRAZOLO[3,4-D]PYRIMIDIN-3-YL)METHYL]PHENOL.",0,1,0,0
BH2_00739,drug:gene/protein:disease,MET,Name all diseases that are related to a gene/protein that is associated with drug 3-[3-(4-methylpiperazin-1-yl)-7-(trifluoromethyl)quinoxalin-5-yl]phenol.,0,1,0,0
BH2_00888,drug:gene/protein:disease,AR,"Name all diseases that are related to a gene/protein that is associated with drug 4-[(7R,7AS)-7-HYDROXY-1,3-DIOXOTETRAHYDRO-1H-PYRROLO[1,2-C]IMIDAZOL-2(3H)-YL]-1-NAPHTHONITRILE.",0,1,0,0
BH2_00927,drug:gene/protein:disease,AR,"Name all diseases that are related to a gene/protein that is associated with drug 4-{[(1R,2S)-1,2-dihydroxy-2-methyl-3-(4-nitrophenoxy)propyl]amino}-2-(trifluoromethyl)benzonitrile.",0,1,0,0
BH2_01166,drug:gene/protein:disease,MMP3,Name all diseases that are related to a gene/protein that is associated with drug A Disubstituted Succinyl Caprolactam Hydroxymate Mmp3inhibitor.,0,1,0,0
BH2_01171,drug:gene/protein:disease,PTH,Name all diseases that are related to a gene/protein that is associated with drug ABX-PTH.,1,1,1,0
BH2_01282,drug:gene/protein:disease,AR,Name all diseases that are related to a gene/protein that is associated with drug Andarine.,0,1,0,0
BH2_01326,drug:gene/protein:disease,AR,Name all diseases that are related to a gene/protein that is associated with drug BMS-564929.,0,1,0,0
BH2_01372,drug:gene/protein:disease,AR,Name all diseases that are related to a gene/protein that is associated with drug Boldenone undecylenate.,0,1,0,0
BH2_01373,drug:gene/protein:disease,AR,Name all diseases that are related to a gene/protein that is associated with drug Boldenone.,0,1,0,0
BH2_01397,drug:gene/protein:disease,CCR5,Name all diseases that are related to a gene/protein that is associated with drug CCR5 mAb.,1,1,1,1
BH2_01436,drug:gene/protein:disease,TNF,Name all diseases that are related to a gene/protein that is associated with drug CYT007-TNFQb.,1,1,0,0
BH2_01440,drug:gene/protein:disease,AR,Name all diseases that are related to a gene/protein that is associated with drug Calusterone.,0,1,0,0
BH2_01636,drug:gene/protein:disease,AR,Name all diseases that are related to a gene/protein that is associated with drug Dimethylcurcumin.,0,1,0,0
BH2_01689,drug:gene/protein:disease,REN,Name all diseases that are related to a gene/protein that is associated with drug Enalkiren.,0,1,0,0
BH2_01937,drug:gene/protein:disease,AR,Name all diseases that are related to a gene/protein that is associated with drug Ketodarolutamide.,0,1,0,0
BH2_01956,drug:gene/protein:disease,AR,Name all diseases that are related to a gene/protein that is associated with drug LGD-2226.,0,1,0,0
BH2_01957,drug:gene/protein:disease,AR,Name all diseases that are related to a gene/protein that is associated with drug LGD2941.,0,1,0,0
BH2_01990,drug:gene/protein:disease,AR,Name all diseases that are related to a gene/protein that is associated with drug Ligandrol.,0,1,0,0
BH2_02086,drug:gene/protein:disease,TH,Name all diseases that are related to a gene/protein that is associated with drug Metyrosine.,0,1,0,0
BH2_02087,drug:gene/protein:disease,AR,Name all diseases that are related to a gene/protein that is associated with drug Mibolerone.,0,1,0,0
BH2_02161,drug:gene/protein:disease,MET,"Name all diseases that are related to a gene/protein that is associated with drug N-(3-chlorophenyl)-N-methyl-2-oxo-3-[(3,4,5-trimethyl-1H-pyrrol-2-yl)methyl]-2H-indole-5-sulfonamide.",0,1,0,0
BH2_02368,drug:gene/protein:disease,AR,Name all diseases that are related to a gene/protein that is associated with drug Nandrolone phenpropionate.,0,1,0,0
BH2_02518,drug:gene/protein:disease,AR,Name all diseases that are related to a gene/protein that is associated with drug Phenothiazine.,0,1,0,0
BH2_02633,drug:gene/protein:disease,REN,Name all diseases that are related to a gene/protein that is associated with drug Remikiren.,0,1,0,0
BH2_02669,drug:gene/protein:disease,AR,Name all diseases that are related to a gene/protein that is associated with drug S-23.,0,1,0,0
BH2_02670,drug:gene/protein:disease,AR,Name all diseases that are related to a gene/protein that is associated with drug S-3-(4-FLUOROPHENOXY)-2-HYDROXY-2-METHYL-N-[4-NITRO-3-(TRIFLUOROMETHYL)PHENYL]PROPANAMIDE.,0,1,0,0
BH2_02753,drug:gene/protein:disease,AR,Name all diseases that are related to a gene/protein that is associated with drug Stanozolol.,0,1,0,0
BH2_02805,drug:gene/protein:disease,TERT,Name all diseases that are related to a gene/protein that is associated with drug Tertomotide.,0,1,0,0
BH2_02813,drug:gene/protein:disease,AR,Name all diseases that are related to a gene/protein that is associated with drug Tetrahydrogestrinone.,0,1,0,0
BH2_03774,disease:drug:effect/phenotype,Ascorbic acid,Name all effect/phenotypes which are side effects of drug that can treat disease ascorbic acid deficiency.,0,1,1,1
BH2_04392,disease:drug:effect/phenotype,Pyridoxine,Name all effect/phenotypes which are side effects of drug that can treat disease pyridoxine deficiency anemia.,0,1,1,1
BH2_04547,disease:drug:effect/phenotype,Vitamin A,Name all effect/phenotypes which are side effects of drug that can treat disease vitamin A deficiency .,0,1,1,1
BH2_05662,effect/phenotype:disease:drug,asthma,Name all drugs that can treat a disease that has phenotype Aspirin-induced asthma.,1,1,1,1
BH2_05669,effect/phenotype:disease:drug,renal tubular acidosis,Name all drugs that can treat a disease that has phenotype Bicarbonate-wasting renal tubular acidosis.,1,1,1,1
BH2_05690,effect/phenotype:disease:drug,osteoarthritis,Name all drugs that can treat a disease that has phenotype Cervical osteoarthritis.,1,1,1,1
BH2_05774,effect/phenotype:disease:drug,hemangioma,Name all drugs that can treat a disease that has phenotype Epithelioid hemangioma.,1,1,1,1
BH2_05775,effect/phenotype:disease:drug,hemangioma,Name all drugs that can treat a disease that has phenotype Esophageal hemangioma.,1,1,1,1
BH2_05780,effect/phenotype:disease:drug,asthma,Name all drugs that can treat a disease that has phenotype Exercise-induced asthma.,1,1,1,1
BH2_05800,effect/phenotype:disease:drug,seborrheic dermatitis,Name all drugs that can treat a disease that has phenotype Generalized seborrheic dermatitis.,1,1,1,1
BH2_05802,effect/phenotype:disease:drug,gastritis,Name all drugs that can treat a disease that has phenotype Giant hypertrophic gastritis.,1,1,1,1
BH2_05805,effect/phenotype:disease:drug,hemangioma,Name all drugs that can treat a disease that has phenotype Glomeruloid hemangioma.,1,1,1,1
BH2_05820,effect/phenotype:disease:drug,hyperargininemia,Name all drugs that can treat a disease that has phenotype Hyperargininemia.,0,1,1,1
BH2_05873,effect/phenotype:disease:drug,hemangioma,Name all drugs that can treat a disease that has phenotype Intrathoracic hemangioma.,1,1,1,1
BH2_05876,effect/phenotype:disease:drug,aspergillosis,Name all drugs that can treat a disease that has phenotype Invasive pulmonary aspergillosis.,1,1,1,1
BH2_05879,effect/phenotype:disease:drug,hemangioma,Name all drugs that can treat a disease that has phenotype Labial hemangioma.,1,1,1,1
BH2_05885,effect/phenotype:disease:drug,hemangioma,Name all drugs that can treat a disease that has phenotype Laryngeal hemangioma.,1,1,1,1
BH2_05886,effect/phenotype:disease:drug,glaucoma,Name all drugs that can treat a disease that has phenotype Late onset congenital glaucoma.,1,1,1,1
BH2_05899,effect/phenotype:disease:drug,hemangioma,Name all drugs that can treat a disease that has phenotype Lumbosacral hemangioma.,1,1,1,1
BH2_05929,effect/phenotype:disease:drug,glaucoma,Name all drugs that can treat a disease that has phenotype Narrow angle glaucoma.,1,1,1,1
BH2_05942,effect/phenotype:disease:drug,melanoma,Name all drugs that can treat a disease that has phenotype Nodular melanoma.,1,1,1,1
BH2_05943,effect/phenotype:disease:drug,palmoplantar keratoderma,Name all drugs that can treat a disease that has phenotype Nonepidermolytic palmoplantar keratoderma.,1,1,1,1
BH2_05944,effect/phenotype:disease:drug,microcytic anemia,Name all drugs that can treat a disease that has phenotype Normochromic microcytic anemia.,1,1,1,1
BH2_05956,effect/phenotype:disease:drug,osteoarthritis,Name all drugs that can treat a disease that has phenotype Osteoarthritis of the elbow.,0,1,1,1
BH2_05963,effect/phenotype:disease:drug,hemangioma,Name all drugs that can treat a disease that has phenotype Paraspinal hemangioma.,1,1,1,1
BH2_05982,effect/phenotype:disease:drug,pituicytoma,Name all drugs that can treat a disease that has phenotype Pituicytoma.,0,1,1,1
BH2_05994,effect/phenotype:disease:drug,precocious puberty,Name all drugs that can treat a disease that has phenotype Precocious puberty with Sertoli cell tumor.,0,1,1,1
BH2_06042,effect/phenotype:disease:drug,hemangioma,Name all drugs that can treat a disease that has phenotype Retropharyngeal hemangioma.,1,1,1,1
BH2_06050,effect/phenotype:disease:drug,spinal muscular atrophy,Name all drugs that can treat a disease that has phenotype Segmental spinal muscular atrophy.,1,1,1,1
BH2_06060,effect/phenotype:disease:drug,hemangioma,Name all drugs that can treat a disease that has phenotype Spleen hemangioma.,1,1,1,1
BH2_06065,effect/phenotype:disease:drug,asthma,Name all drugs that can treat a disease that has phenotype Status asthmaticus.,1,1,0,0
BH2_06069,effect/phenotype:disease:drug,melanoma,Name all drugs that can treat a disease that has phenotype Superficial spreading melanoma.,1,1,1,1
BH2_06070,effect/phenotype:disease:drug,hemangioma,Name all drugs that can treat a disease that has phenotype Supraglottic hemangioma.,1,1,1,1
BH2_06101,effect/phenotype:disease:drug,hemangioma,Name all drugs that can treat a disease that has phenotype Vulvar hemangioma.,1,1,1,1
BH2_06104,disease:effect/phenotype:drug,Nephropathy,Name all drugs that have a side effect which is also a phenotype of a disease Balkan nephropathy.,0,1,1,1
BH2_06117,disease:effect/phenotype:drug,Headache,Name all drugs that have a side effect which is also a phenotype of a disease hypnic headache .,0,1,1,1
BH2_06118,disease:effect/phenotype:drug,Lymphoma,"Name all drugs that have a side effect which is also a phenotype of a disease lymphoma, non-Hodgkin, familial.",0,1,1,1
BH2_06120,disease:effect/phenotype:drug,Intellectual disability,Name all drugs that have a side effect which is also a phenotype of a disease microcephaly-intellectual disability-phalangeal and neurological anomalies syndrome.,0,1,1,1
BH2_06121,disease:effect/phenotype:drug,Migraine,Name all drugs that have a side effect which is also a phenotype of a disease migraine with aura.,0,1,1,1
BH2_06122,disease:effect/phenotype:drug,Coma,Name all drugs that have a side effect which is also a phenotype of a disease obsolete hypoglycemic coma.,0,1,1,1
BH2_06123,disease:effect/phenotype:drug,Bundle branch block,Name all drugs that have a side effect which is also a phenotype of a disease obsolete right bundle branch block .,0,1,1,1
BH2_06125,disease:effect/phenotype:drug,Ileus,Name all drugs that have a side effect which is also a phenotype of a disease paralytic ileus .,0,1,1,1
BH2_06126,disease:effect/phenotype:drug,Strabismus,Name all drugs that have a side effect which is also a phenotype of a disease paralytic strabismus.,0,1,1,1
BH2_06130,disease:effect/phenotype:drug,Ventricular tachycardia,Name all drugs that have a side effect which is also a phenotype of a disease polymorphic ventricular tachycardia.,0,1,1,1
BH2_06153,disease:gene/protein:drug,ALDH18A1,Name all drugs that are associated with gene/protein that is related to disease ALDH18A1-related de Barsy syndrome.,1,1,1,1
BH2_06154,disease:gene/protein:drug,ALK,Name all drugs that are associated with gene/protein that is related to disease ALK-positive anaplastic large cell lymphoma.,1,1,1,0
BH2_06155,disease:gene/protein:drug,TTR,Name all drugs that are associated with gene/protein that is related to disease ATTRV122I amyloidosis.,1,1,0,0
BH2_06159,disease:gene/protein:drug,B4GALT1,Name all drugs that are associated with gene/protein that is related to disease B4GALT1-CDG.,1,1,1,1
BH2_06186,disease:gene/protein:drug,CYP11A1,"Name all drugs that are associated with gene/protein that is related to disease Congenital adrenal insuffiency with 46, XY sex reversal OR 46,XY disorder of sex development-adrenal insufficiency due to CYP11A1 deficiency.",1,1,1,1
BH2_06189,disease:gene/protein:drug,DYRK1A,Name all drugs that are associated with gene/protein that is related to disease DYRK1A-related intellectual disability syndrome.,1,1,1,1
BH2_06198,disease:gene/protein:drug,FGFR2,Name all drugs that are associated with gene/protein that is related to disease FGFR2-related bent bone dysplasia.,1,1,1,1
BH2_06235,disease:gene/protein:drug,NEK9,Name all drugs that are associated with gene/protein that is related to disease NEK9-related lethal skeletal dysplasia.,1,1,1,1
BH2_06239,disease:gene/protein:drug,PCNA,Name all drugs that are associated with gene/protein that is related to disease PCNA-related progressive neurodegenerative photosensitivy syndrome.,1,1,1,1
BH2_06240,disease:gene/protein:drug,PGM1,Name all drugs that are associated with gene/protein that is related to disease PGM1-CDG.,1,1,1,1
BH2_06241,disease:gene/protein:drug,PHGDH,Name all drugs that are associated with gene/protein that is related to disease PHGDH deficiency.,1,1,1,1
BH2_06243,disease:gene/protein:drug,PSPH,Name all drugs that are associated with gene/protein that is related to disease PSPH deficiency.,1,1,1,1
BH2_06244,disease:gene/protein:drug,PYCR1,Name all drugs that are associated with gene/protein that is related to disease PYCR1-related de Barsy syndrome.,1,1,1,1
BH2_06255,disease:gene/protein:drug,SLC39A8,Name all drugs that are associated with gene/protein that is related to disease SLC39A8-CDG.,1,1,1,1
BH2_06256,disease:gene/protein:drug,STAT3,Name all drugs that are associated with gene/protein that is related to disease STAT3-related early-onset multisystem autoimmune disease.,1,1,1,1
BH2_06263,disease:gene/protein:drug,JAK3,Name all drugs that are associated with gene/protein that is related to disease T-B+ severe combined immunodeficiency due to JAK3 deficiency.,1,1,1,1
BH2_06265,disease:gene/protein:drug,TFRC,Name all drugs that are associated with gene/protein that is related to disease TFRC-related combined immunodeficiency.,1,1,1,1
BH2_06282,disease:gene/protein:drug,XIAP,Name all drugs that are associated with gene/protein that is related to disease X-linked lymphoproliferative disease due to XIAP deficiency.,1,1,1,1
BH2_06285,disease:gene/protein:drug,CAT,Name all drugs that are associated with gene/protein that is related to disease acatalasia.,0,1,0,0
BH2_06304,disease:gene/protein:drug,DGUOK,Name all drugs that are associated with gene/protein that is related to disease adult-onset multiple mitochondrial DNA deletion syndrome due to DGUOK deficiency.,1,1,1,1
BH2_06351,disease:gene/protein:drug,C3,Name all drugs that are associated with gene/protein that is related to disease atypical hemolytic-uremic syndrome with C3 anomaly.,1,1,1,0
BH2_06357,disease:gene/protein:drug,CTLA4,Name all drugs that are associated with gene/protein that is related to disease autoimmune lymphoproliferative syndrome due to CTLA4 haploinsuffiency.,1,1,1,1
BH2_06439,disease:gene/protein:drug,CD3G,Name all drugs that are associated with gene/protein that is related to disease combined immunodeficiency due to CD3gamma deficiency.,0,1,0,0
BH2_06440,disease:gene/protein:drug,ZAP70,Name all drugs that are associated with gene/protein that is related to disease combined immunodeficiency due to ZAP70 deficiency.,1,1,1,1
BH2_06445,disease:gene/protein:drug,C1S,Name all drugs that are associated with gene/protein that is related to disease complement component C1s deficiency.,0,1,1,0
BH2_06448,disease:gene/protein:drug,AR,Name all drugs that are associated with gene/protein that is related to disease complete androgen insensitivity syndrome.,0,1,0,0
BH2_06637,disease:gene/protein:drug,HNF1A,Name all drugs that are associated with gene/protein that is related to disease hyperinsulinism due to HNF1A deficiency.,1,1,1,1
BH2_06638,disease:gene/protein:drug,HNF4A,Name all drugs that are associated with gene/protein that is related to disease hyperinsulinism due to HNF4A deficiency.,1,1,1,1
BH2_06639,disease:gene/protein:drug,INSR,Name all drugs that are associated with gene/protein that is related to disease hyperinsulinism due to INSR deficiency.,1,1,1,1
BH2_06648,disease:gene/protein:drug,INS,Name all drugs that are associated with gene/protein that is related to disease hyperproinsulinemia.,0,1,0,0
BH2_06686,disease:gene/protein:drug,ABCA3,Name all drugs that are associated with gene/protein that is related to disease interstitial lung disease due to ABCA3 deficiency.,1,1,1,1
BH2_06717,disease:gene/protein:drug,TUBA1A,Name all drugs that are associated with gene/protein that is related to disease lissencephaly due to TUBA1A mutation.,1,1,1,1
BH2_06741,disease:gene/protein:drug,IL12B,Name all drugs that are associated with gene/protein that is related to disease mendelian susceptibility to mycobacterial diseases due to complete IL12B deficiency.,1,1,1,1
BH2_06758,disease:gene/protein:drug,COL2A1,Name all drugs that are associated with gene/protein that is related to disease mild spondyloepiphyseal dysplasia due to COL2A1 mutation with early-onset osteoarthritis.,1,1,1,1
BH2_06859,disease:gene/protein:drug,AR,Name all drugs that are associated with gene/protein that is related to disease partial androgen insensitivity syndrome.,0,1,0,0
BH2_06954,disease:gene/protein:drug,CTPS1,Name all drugs that are associated with gene/protein that is related to disease severe combined immunodeficiency due to CTPS1 deficiency.,1,1,1,1
BH2_06957,disease:gene/protein:drug,LCK,Name all drugs that are associated with gene/protein that is related to disease severe combined immunodeficiency due to LCK deficiency.,1,1,1,0
BH2_07400,disease:drug:gene/protein,Vitamin E,Name all gene/proteins that are associated with drug that can treat disease familial isolated deficiency of vitamin E.,0,1,1,1
BH2_07466,disease:drug:gene/protein,Lactose,Name all gene/proteins that are associated with drug that can treat disease lactose intolerance.,0,1,1,1
BH2_07525,disease:drug:gene/protein,Biotin,Name all gene/proteins that are associated with drug that can treat disease nutritional biotin deficiency.,0,1,1,1
BH2_07575,disease:drug:gene/protein,Pyridoxine,Name all gene/proteins that are associated with drug that can treat disease pyridoxine deficiency anemia.,0,1,1,1
BH2_07631,disease:drug:gene/protein,Vitamin A,Name all gene/proteins that are associated with drug that can treat disease vitamin A deficiency .,0,1,1,1
